ST	copA	dnaE	HP2027	mdlA	narB	pbp2B	rpoD	uvrA	clonal_complex
1	1	1	1	1	1	1	1	1	CC2
2	1	1	1	1	2	1	1	1	CC2
3	1	1	1	1	2	1	1	43	CC2
4	1	1	1	1	3	1	1	1	CC2
5	1	1	1	1	3	1	2	2	CC7 
6	1	1	1	1	4	1	1	2	CC7 
7	1	1	1	1	4	1	2	2	CC7 
8	1	1	1	1	6	1	1	1	CC2
9	1	1	1	1	6	49	1	1	CC2
10	1	1	1	1	6	187	1	1	CC2
11	1	1	1	1	21	1	1	1	CC2
12	1	1	1	3	2	1	1	1	CC2
13	1	1	1	6	3	1	1	1	CC2
14	1	1	1	9	3	1	1	1	CC2
15	1	1	1	16	183	184	1	1	CC2
16	1	1	1	16	3	1	1	1	CC2
17	1	1	2	2	2	1	1	1	CC17
18	1	1	2	2	2	1	1	2	CC17
19	1	1	2	2	4	1	1	1	CC17
20	1	1	2	9	3	1	1	1	CC36
21	1	1	4	5	2	1	1	1	CC128
22	1	1	4	5	2	1	2	1	CC128
23	1	1	4	5	3	1	1	1	CC128
24	1	1	5	1	2	1	1	1	CC2
25	1	1	6	7	2	1	1	2	CC2
26	1	1	6	7	4	1	2	2	CC152
27	1	1	7	1	2	1	1	1	CC2
28	1	1	7	5	3	1	1	2	CC184
29	1	1	7	8	2	1	1	2	CC2
30	1	1	7	11	2	1	1	1	CC2
31	1	1	7	11	6	1	1	1	CC2
32	1	1	7	51	3	1	1	5	CC62
33	1	3	1	3	3	1	1	5	CC36
34	1	3	3	4	3	1	1	1	CC36
35	1	3	3	5	3	127	1	30	CC36
36	1	3	3	9	3	1	1	1	CC36
37	1	3	3	9	3	1	1	2	CC36
38	1	3	3	9	3	1	1	5	CC36
39	4	1	6	1	2	1	1	2	CC2
40	1	3	7	5	3	1	1	5	CC36
41	1	3	7	5	3	1	6	2	
42	1	39	2	59	2	1	1	1	CC17
43	1	183	1	1	6	1	1	1	CC2
44	1	203	28	9	3	1	1	1	CC36
45	1	204	4	5	2	1	1	1	CC128
46	2	1	1	1	1	1	1	35	CC2
47	2	1	1	1	2	1	1	1	CC2
48	2	1	1	1	2	1	1	35	CC2
49	2	1	1	1	4	1	2	35	CC7 
50	2	1	1	1	6	1	1	157	CC2
51	2	1	1	1	25	1	2	2	CC7 
52	2	1	1	3	2	1	1	1	CC2
53	2	1	1	3	2	1	1	2	CC2
54	2	1	1	3	2	1	5	2	
55	2	1	1	8	1	1	1	35	
56	2	1	1	25	2	1	1	1	CC2
57	2	1	3	4	2	1	1	2	CC184
58	2	1	3	4	2	1	5	2	CC60
59	2	1	3	4	3	1	2	2	CC60
60	2	1	3	4	3	1	17	2	CC60
61	2	1	3	4	25	1	2	2	CC60
62	2	1	3	9	3	1	1	5	CC62
63	2	1	3	29	3	1	1	5	CC62
64	2	1	4	5	1	1	1	2	CC128
65	2	1	5	1	3	1	1	2	CC62
66	2	1	5	1	3	1	2	2	CC7 
67	2	3	1	1	2	4	1	35	CC162
68	2	3	1	3	3	1	17	2	CC60
69	2	3	1	3	3	47	17	2	
70	2	3	1	9	12	4	5	8	
71	2	3	3	3	3	1	9	2	CC73
72	2	3	3	4	3	1	17	2	CC60
73	2	3	3	4	3	3	9	2	CC73
74	2	3	3	5	3	3	9	2	CC73
75	2	3	3	15	3	3	9	2	CC73
76	2	3	3	25	3	3	9	2	CC73
77	2	3	3	73	22	3	27	2	CC73
78	2	3	4	5	2	1	5	1	CC128
79	2	3	7	11	2	1	5	2	
80	2	3	8	9	3	1	6	1	CC36
81	2	3	30	4	3	1	1	5	CC62
82	2	3	173	4	3	59	9	2	CC73
83	2	3	177	40	3	3	27	31	
84	2	3	181	9	3	3	9	2	CC73
85	2	4	3	3	3	3	4	2	CC89
86	2	4	3	4	3	3	4	2	CC89
87	2	4	3	5	3	3	4	2	CC89
88	2	4	3	5	9	3	4	2	CC89
89	2	4	3	9	3	3	4	2	CC89
90	2	4	33	9	3	3	4	2	CC89
91	2	4	264	9	3	3	4	2	CC89
92	2	45	3	9	3	3	4	2	CC89
93	3	1	4	4	2	1	1	2	CC184
94	3	1	6	7	3	1	1	8	
95	3	3	3	15	3	1	6	25	
96	3	3	3	15	3	1	14	25	
97	3	3	11	5	3	7	24	2	
98	3	3	266	277	3	7	31	2	
99	3	4	3	62	3	3	4	2	CC89
100	4	1	1	1	1	1	2	2	CC7 
101	4	1	1	1	2	1	2	2	CC7 
102	4	1	1	1	2	1	5	2	CC2
103	4	1	1	1	3	1	1	1	CC2
104	4	1	1	1	3	1	1	2	CC2
105	4	1	1	1	3	1	2	1	CC2
106	4	1	1	1	3	1	5	1	CC2
107	4	1	1	1	6	14	1	2	CC162
108	4	1	1	3	2	1	1	1	CC2
109	4	1	1	3	2	1	5	2	
110	4	1	1	5	2	109	1	1	CC128
111	4	1	1	7	4	1	2	2	CC152
112	4	1	1	8	1	1	1	1	CC2
113	4	1	1	8	1	1	2	1	
114	4	1	1	8	1	1	120	1	
115	4	1	1	8	2	1	1	1	CC2
116	4	1	1	8	2	1	1	2	CC2
117	4	1	1	8	6	1	1	1	CC2
118	4	1	1	8	21	1	1	1	CC2
119	4	1	1	8	21	1	1	2	
120	4	1	1	8	21	1	1	156	
121	4	1	1	8	21	1	2	2	CC152
122	4	1	1	58	2	1	2	2	CC152
123	4	1	2	1	2	1	1	2	CC2
124	4	1	2	2	2	1	1	1	CC17
125	4	1	3	1	6	1	1	2	CC184
126	4	1	3	5	2	1	2	1	CC128
127	4	1	4	5	1	1	1	1	CC128
128	4	1	4	5	2	1	1	1	CC128
129	4	1	4	5	2	1	1	2	CC128
130	4	1	4	5	2	1	2	1	CC128
131	4	1	4	5	2	4	1	1	CC128
132	4	1	4	5	3	1	1	1	CC128
133	4	1	4	5	6	1	1	1	CC128
134	4	1	4	5	6	1	2	1	CC128
135	4	1	4	5	6	1	159	1	CC128
136	4	1	5	1	2	1	1	2	CC2
137	4	1	5	1	4	1	2	2	CC152
138	4	1	5	1	6	1	1	2	
139	4	1	5	1	6	1	2	2	CC152
140	4	1	5	1	6	14	1	2	
141	4	1	5	5	1	1	1	1	CC128
142	4	1	6	7	1	1	2	2	CC152
143	4	1	6	7	2	1	1	2	CC152
144	4	1	6	7	2	1	2	2	CC152
145	4	1	6	7	2	1	5	2	CC152
146	4	1	6	7	3	1	1	1	CC152
147	4	1	6	7	3	1	1	2	CC152
148	4	1	6	7	3	1	2	2	CC152
149	4	1	6	7	3	1	5	2	CC152
150	4	1	6	7	4	1	1	2	CC152
151	4	1	6	7	4	1	2	1	CC152
152	4	1	6	7	4	1	2	2	CC152
153	4	1	6	7	4	1	2	76	CC152
154	4	1	6	7	6	1	2	2	CC152
155	4	1	6	7	21	1	2	2	CC152
156	4	1	7	11	2	1	1	2	CC128
157	4	1	7	11	2	1	2	2	CC152
158	4	1	179	8	21	1	1	1	CC128
159	4	1	220	8	2	1	1	1	CC128
160	4	3	1	1	2	1	5	1	CC2
161	4	3	1	1	2	4	1	1	CC162
162	4	3	1	1	2	4	1	2	CC162
163	4	3	1	1	10	4	1	2	CC162
164	4	3	1	1	10	1	5	2	CC162
165	4	3	4	5	2	1	1	1	CC128
166	4	3	4	5	2	1	5	1	CC128
167	4	3	4	5	2	4	1	2	CC162
168	4	3	4	5	2	4	2	1	CC128
169	4	3	5	1	6	1	1	2	CC162
170	4	3	6	7	2	4	2	2	CC152
171	4	3	7	7	2	1	5	2	
172	4	3	86	11	2	1	5	2	
173	4	39	5	1	2	1	1	2	CC162
174	4	39	5	1	6	1	1	2	
175	4	39	6	7	2	1	1	2	CC152
176	5	1	2	6	3	1	1	5	CC62
177	5	1	3	4	3	1	9	2	CC184
178	5	3	1	16	3	1	1	3	
179	5	3	3	4	3	1	1	3	CC184
180	5	3	4	6	3	2	3	3	
181	6	1	1	1	3	1	167	1	CC2
182	6	1	1	8	21	1	1	1	CC2
183	6	1	1	9	2	1	1	2	CC2
184	6	1	3	4	3	1	1	2	CC184
185	6	1	3	4	3	1	9	2	CC184
186	6	1	3	4	3	1	1	41	CC184
187	6	1	5	5	6	1	1	2	CC184
188	6	1	7	8	2	1	1	1	CC2
189	6	1	7	8	2	1	19	1	
190	6	1	7	11	1	129	1	1	
191	6	1	7	11	1	1	1	1	
192	6	1	7	11	2	1	1	1	CC2
193	6	1	7	11	2	1	1	224	
194	6	1	7	11	3	1	1	1	CC184
195	6	1	7	11	6	1	1	1	
196	6	1	7	11	16	1	1	1	
197	6	1	7	11	21	1	1	1	
198	6	3	3	5	3	25	4	2	
199	6	3	3	44	30	22	4	4	
200	6	3	7	8	2	4	2	2	
201	6	3	7	11	2	4	2	1	
202	6	4	3	4	3	3	4	2	CC89
203	7	1	180	5	3	1	1	1	CC128
204	7	23	3	4	45	3	9	2	CC73
205	8	1	2	2	3	1	1	5	CC62
206	9	29	14	27	35	10	13	16	
207	9	202	14	27	35	10	13	16	
208	12	1	7	11	2	1	1	1	CC2
209	12	1	3	9	3	1	1	5	CC62
210	13	1	3	4	2	1	1	1	CC2
211	13	1	3	4	3	1	1	1	CC184
212	13	1	9	9	3	172	25	2	
213	13	1	7	5	3	1	1	5	CC62
214	13	3	160	6	3	3	9	2	CC73
215	13	3	3	4	3	1	9	2	CC73
216	13	62	1	9	3	3	4	2	CC89
217	14	114	3	9	3	1	1	1	CC36
218	15	6	13	13	11	8	12	7	
219	15	6	13	13	11	8	15	7	
220	16	11	16	15	5	16	15	13	
221	18	3	3	9	3	127	1	30	CC36
222	18	8	14	34	16	56	15	13	CC223
223	18	8	16	15	16	3	15	13	CC223
224	18	8	16	15	16	3	15	14	CC223
225	18	8	34	15	16	3	15	13	CC223
226	18	11	16	15	164	16	15	16	
227	18	11	16	15	16	173	15	13	CC223
228	18	12	16	34	16	13	15	14	
229	18	182	17	15	15	16	15	10	
230	24	1	3	4	3	1	17	2	CC60
231	24	1	7	4	3	1	1	2	CC184
232	24	3	3	26	3	3	9	31	CC73
233	26	3	3	9	3	1	1	5	CC62
234	26	4	3	9	3	3	4	2	CC89
235	26	3	3	4	27	1	17	2	CC60
236	26	4	49	5	3	3	4	2	CC89
237	27	12	14	27	16	13	15	18	
238	27	12	16	10	16	13	15	14	
239	28	5	16	209	5	10	13	10	
240	29	3	1	31	3	3	4	2	
241	29	4	1	31	3	3	4	2	CC89
242	29	4	1	3	3	3	4	4	
243	29	4	3	4	3	3	4	2	CC89
244	29	4	3	4	3	3	4	4	CC89
245	32	1	7	5	183	184	1	2	
246	32	1	7	190	3	1	1	2	CC184
247	33	5	16	11	145	142	13	16	
248	33	3	16	35	15	16	14	26	
249	33	21	161	46	5	11	13	16	
250	34	1	3	5	2	1	1	2	CC184
251	38	1	1	1	2	1	2	1	CC2
252	38	1	1	1	3	1	5	1	CC2
253	44	8	14	8	16	3	15	14	
254	45	9	14	8	10	13	15	13	
255	48	8	204	15	16	3	15	13	CC223
256	48	11	14	10	5	16	15	13	
257	48	8	16	187	16	3	15	13	CC223
258	5	1	2	2	2	1	1	1	CC17
259	50	1	7	5	3	1	1	5	CC62
260	50	3	4	1	3	1	4	22	
261	52	1	1	1	2	1	1	1	CC2
262	54	1	1	4	2	1	1	4	CC2
263	71	9	14	8	10	13	15	13	
264	71	8	14	8	17	3	15	13	
265	92	5	14	10	7	10	13	11	
266	184	1	7	11	2	1	1	1	CC2
267	185	1	4	5	6	1	1	1	CC128
268	186	3	63	9	3	1	1	5	CC62
269	187	129	19	22	3	1	17	2	
270	188	1	7	11	2	1	2	158	
271	209	11	174	15	16	16	15	14	
272	210	3	3	26	3	1	1	30	CC36
273	251	177	3	15	3	1	6	204	
274	260	3	1	8	2	4	2	1	
275	261	3	1	8	2	4	2	1	
276	1	1	1	1	2	1	2	1	CC2
277	1	3	7	5	3	1	1	216	CC36
278	2	1	7	3	3	1	1	1	CC62
279	6	1	1	8	1	1	1	1	CC2
280	6	1	4	5	2	1	1	1	CC128
281	6	1	3	9	3	1	1	210	CC62
282	18	5	16	8	15	10	13	16	
283	6	1	1	1	3	1	1	1	CC2
284	2	1	1	1	3	1	1	1	CC2
285	63	1	3	10	3	1	25	5	CC62
286	50	3	160	78	3	1	18	49	
287	6	46	3	4	3	1	9	2	CC184
288	229	3	16	15	15	16	14	26	
289	18	8	3	5	16	3	15	14	CC223
290	2	162	1	3	3	3	4	2	CC89
291	2	42	1	3	3	1	17	2	CC60
292	2	1	1	9	3	1	5	2	CC62
293	4	3	6	7	4	4	1	2	CC152
294	4	1	1	9	3	1	5	2	
295	18	12	16	34	16	13	15	55	
296	2	3	1	4	3	15	1	3	
297	13	3	1	9	3	1	4	2	
298	6	3	3	4	3	1	17	2	CC184
299	1	3	3	5	3	1	17	2	CC60
300	48	8	16	15	3	3	15	13	CC223
301	18	8	16	189	16	3	15	10	CC223
302	48	11	204	15	16	16	15	215	
303	18	8	16	8	17	138	15	13	CC223
304	18	8	17	15	17	3	15	13	CC223
305	2	1	3	23	3	1	1	210	CC62
306	50	164	160	5	3	1	6	1	
307	2	3	3	4	3	1	1	2	CC73
308	28	12	16	10	16	13	15	13	
309	2	163	3	5	3	1	1	2	CC62
310	7	3	1	9	3	59	9	2	
311	3	3	29	5	3	1	16	1	
312	1	1	1	8	6	1	1	1	CC2
313	33	29	14	27	35	10	13	16	
314	28	9	50	30	10	13	15	13	
315	226	5	10	178	7	10	13	10	
316	18	1	7	9	3	1	1	5	CC62
317	2	4	3	4	3	3	4	29	CC89
318	4	1	6	7	2	1	1	1	CC128
319	1	1	2	2	3	1	1	1	CC17
320	33	5	64	35	16	10	13	16	
321	196	132	14	197	56	3	13	10	
322	1	3	7	9	3	3	9	2	CC73
323	1	149	28	6	3	1	9	2	
324	2	3	7	9	3	59	9	2	CC73
325	4	1	5	1	1	1	1	2	
326	50	3	3	5	3	1	1	5	CC62
327	4	1	1	58	2	1	1	2	CC2
328	65	9	50	7	10	13	15	13	
329	48	8	16	15	16	3	15	13	CC223
330	56	3	11	49	33	7	24	2	
331	18	8	16	30	16	3	15	13	CC223
332	201	3	9	5	137	1	18	1	
333	2	3	14	5	3	1	1	1	CC36
334	6	3	3	203	3	1	1	42	CC184
335	27	1	7	9	138	1	25	5	
336	33	5	16	27	5	10	13	10	
337	18	8	16	30	16	3	15	10	CC223
338	48	12	16	10	16	13	15	14	
339	18	8	16	204	16	3	15	10	CC223
340	18	11	16	15	15	16	15	170	
341	203	5	10	10	5	10	13	10	
342	9	5	188	7	5	10	13	10	
343	28	5	16	35	5	10	13	10	
344	6	18	16	15	16	13	15	13	CC223
345	18	1	16	10	138	1	25	5	
346	33	12	16	10	16	13	15	2	
347	28	5	16	46	140	6	13	10	
348	204	5	10	10	5	6	13	11	
349	65	5	14	8	16	10	13	16	
350	9	5	32	10	7	10	13	173	
351	33	5	14	7	7	10	137	10	
352	28	5	32	98	56	10	13	16	
353	28	5	14	30	7	10	13	174	
354	28	17	16	46	7	10	13	10	
355	49	3	1	5	120	122	18	1	
356	6	141	3	94	142	3	4	2	
357	6	3	3	9	30	22	4	4	
358	9	5	32	10	7	10	13	16	
359	1	3	3	26	3	1	6	2	CC36
360	13	1	1	9	3	1	25	2	
361	9	8	14	10	17	16	15	24	
362	33	17	16	35	16	10	13	172	
363	29	4	36	9	3	3	4	4	CC89
364	3	3	11	5	128	7	24	2	
365	206	4	28	6	3	1	17	1	
366	18	8	190	15	5	3	15	13	CC223
367	3	3	47	48	3	7	31	2	
368	1	8	174	15	15	3	15	16	
369	207	5	16	11	7	10	13	16	
370	18	118	166	173	3	13	15	179	
371	55	3	47	48	3	7	31	2	
372	28	8	191	46	17	3	13	10	
373	32	113	7	169	121	1	1	145	
374	33	144	16	35	5	6	13	10	
375	9	5	14	7	7	10	13	16	
376	18	11	16	15	16	16	15	13	CC223
377	84	3	11	1	3	38	44	2	
378	28	5	14	11	7	10	13	11	
379	1	3	3	12	3	1	1	1	CC36
380	2	57	3	5	3	57	1	2	
381	8	5	2	2	7	10	13	10	
382	42	8	16	15	16	3	15	10	CC223
383	3	3	29	5	3	1	22	1	
384	163	5	192	35	7	24	13	10	
385	213	3	193	94	3	1	1	5	
386	9	14	16	15	23	10	13	10	
387	2	3	3	5	3	1	6	2	CC73
388	216	5	16	206	56	143	13	16	
389	2	4	1	3	3	3	4	4	CC89
390	33	5	14	7	15	142	15	16	
391	28	8	14	35	17	3	13	10	
392	1	1	7	5	3	1	138	5	
393	9	5	32	10	7	24	13	10	
394	18	11	17	15	15	3	15	13	CC223
395	2	3	2	2	146	3	4	4	
396	42	11	3	5	16	16	15	13	
397	2	3	3	5	3	1	17	2	CC60
398	27	5	16	30	5	10	13	13	
399	33	29	14	27	35	10	13	183	
400	6	4	3	23	3	3	4	2	CC89
401	28	5	16	7	5	10	13	184	
402	217	17	16	35	5	10	13	185	
403	33	8	38	35	16	3	15	10	
404	18	8	194	35	16	3	15	13	CC223
405	9	5	14	8	7	10	13	16	
406	16	8	16	33	16	3	15	13	CC223
407	33	8	16	76	15	3	15	13	CC223
408	27	5	195	30	5	10	13	13	
409	18	11	34	15	16	16	15	13	CC223
410	2	3	7	5	60	1	1	1	
411	42	8	16	15	16	3	15	16	CC223
412	33	5	16	11	7	10	13	16	
413	18	8	16	15	16	3	15	10	CC223
414	33	5	16	210	7	10	13	16	
415	18	148	16	189	16	3	15	10	CC223
416	196	17	197	7	147	10	13	10	
417	219	14	16	15	23	10	13	10	
418	18	118	198	173	3	13	14	149	
419	18	5	14	9	56	10	13	16	
420	9	52	14	7	59	13	15	66	
421	78	44	58	10	5	3	13	16	
422	6	3	3	9	3	3	4	2	CC89
423	2	1	5	5	2	1	2	1	CC128
424	28	17	14	10	56	10	13	11	
425	33	33	14	53	7	34	13	16	
426	281	5	32	98	56	10	13	16	
427	9	8	16	15	16	3	15	13	CC223
428	14	3	3	9	3	1	1	1	CC36
429	6	6	13	13	2	8	12	7	
430	49	3	9	5	120	1	44	2	
431	50	3	7	5	3	1	1	5	
432	14	1	3	12	3	1	1	2	CC184
433	4	1	1	9	2	1	1	2	CC2
434	16	179	16	15	16	16	15	13	CC223
435	2	3	4	6	3	1	9	2	CC73
436	9	5	14	10	7	10	13	10	
437	236	9	14	15	10	13	15	10	
438	1	3	7	228	3	127	1	30	
439	2	3	9	6	3	3	9	2	CC73
440	9	17	16	35	176	10	13	16	
441	6	1	7	8	10	1	2	2	
442	2	1	265	1	3	1	1	1	CC2
443	2	3	3	5	3	1	1	2	CC62
444	1	3	4	6	3	1	1	5	CC36
445	1	3	250	5	3	1	1	1	CC36
446	2	3	1	6	3	5	9	2	CC73
447	48	12	16	15	16	13	15	13	CC223
448	16	8	174	15	16	3	15	13	CC223
449	33	3	3	15	15	16	14	26	
450	283	3	9	9	48	1	4	5	
451	218	3	1	5	3	1	168	147	
452	50	3	3	260	3	1	6	2	
453	7	4	36	9	3	3	4	4	CC89
454	2	4	3	4	3	3	4	4	CC89
455	29	4	7	9	3	3	4	2	CC89
456	2	3	3	4	3	1	31	5	CC62
457	2	3	3	4	3	1	16	2	CC73
458	53	3	3	12	3	1	1	5	CC62
459	13	3	9	22	3	3	9	2	CC73
460	2	3	9	4	3	3	9	31	CC73
461	50	3	1	78	3	1	6	1	
462	2	3	1	10	61	1	6	2	
463	183	1	9	70	130	1	18	2	
464	2	3	9	22	45	3	9	2	CC73
465	33	17	64	35	5	10	13	10	
466	163	1	3	75	3	3	17	165	
467	29	4	3	4	9	3	4	2	CC89
468	4	1	4	1	6	1	1	1	CC128
469	199	137	184	199	11	132	134	167	
470	18	6	16	15	11	8	12	13	
471	42	17	14	7	5	10	13	10	
472	6	1	1	8	6	1	1	1	CC2
473	236	17	77	7	7	10	13	10	
474	9	8	16	223	16	3	14	13	CC223
475	2	1	1	3	1	1	1	1	CC2
476	4	1	6	266	2	14	1	2	
477	210	3	16	15	15	16	14	26	
478	32	3	7	5	3	1	6	4	
479	2	3	9	5	3	3	9	2	CC73
480	1	1	1	9	2	1	1	1	CC2
481	6	1	7	9	2	1	1	1	CC2
482	4	1	5	1	3	1	1	2	CC184
483	38	1	1	1	2	1	5	1	CC2
484	34	3	3	9	3	36	17	2	
485	6	1	1	1	2	1	1	1	CC2
486	34	3	3	6	3	3	9	5	CC73
487	5	1	4	1	3	1	25	5	
488	27	1	7	5	3	1	25	30	
489	28	5	32	10	7	10	13	11	
490	2	3	1	10	3	1	6	2	
491	2	3	3	4	3	1	9	2	CC73
492	28	17	16	46	5	10	13	10	
493	18	3	14	9	3	127	1	30	
494	50	3	9	70	3	1	18	1	
495	71	1	14	8	3	1	1	1	
496	18	11	7	5	15	16	15	16	
497	5	3	3	10	3	1	1	5	CC62
498	1	1	1	8	6	1	1	2	CC2
499	2	3	3	7	3	1	1	1	CC36
500	3	3	1	15	28	1	6	4	
501	49	12	14	9	16	13	15	14	
502	2	3	3	4	3	170	9	2	CC73
503	253	1	1	5	3	1	1	5	CC62
504	38	1	1	1	3	1	5	2	CC7 
505	4	1	4	5	3	1	2	1	CC128
506	1	1	1	1	2	1	1	2	CC2
507	6	1	7	8	6	1	1	1	
508	2	1	1	1	6	1	1	1	CC2
509	237	1	2	2	2	1	1	1	CC17
510	4	1	1	9	2	1	2	1	CC2
511	241	1	4	5	3	1	1	1	CC128
512	4	1	1	1	2	1	1	1	CC2
513	6	1	7	8	2	1	1	46	
514	1	1	4	5	6	1	1	1	CC128
515	4	1	223	5	6	1	2	1	CC128
516	4	1	7	11	1	1	1	1	CC128
517	6	1	7	8	1	1	1	1	
518	4	1	4	5	2	41	2	1	CC128
519	1	1	4	5	2	39	15	1	CC128
520	1	1	1	1	2	40	1	1	CC2
521	4	3	1	1	2	4	2	2	CC162
522	233	1	7	11	2	1	1	1	CC2
523	4	1	1	8	6	1	1	2	
524	4	1	4	5	2	1	14	1	CC128
525	4	1	1	9	2	1	1	200	CC2
526	4	1	1	1	6	1	1	1	CC2
527	239	1	4	5	3	1	1	1	CC128
528	4	1	7	11	2	1	1	1	CC128
529	4	1	1	5	3	1	1	1	CC128
530	237	1	2	2	2	160	1	1	CC17
531	1	1	4	6	2	1	2	1	CC2
532	1	1	4	6	3	1	1	1	CC2
533	3	1	3	4	2	1	2	1	
534	240	1	1	1	2	1	1	1	CC2
535	4	19	6	1	3	1	2	1	
536	6	1	7	233	2	1	1	1	CC2
537	4	1	4	5	2	1	1	201	CC128
538	2	1	1	3	6	1	1	2	
539	6	1	7	11	6	162	1	1	
540	2	3	60	4	3	1	9	5	CC73
541	6	166	7	11	2	1	1	1	
542	4	1	4	5	1	161	1	1	CC128
543	4	1	1	1	2	1	2	1	CC2
544	1	1	7	17	2	1	1	1	CC2
545	12	1	2	2	2	1	1	1	CC17
546	2	3	25	6	12	4	5	8	
547	29	4	1	9	19	3	4	4	
548	10	3	11	1	3	7	11	2	
549	11	3	12	5	3	4	5	5	
550	5	3	4	6	3	2	1	3	
551	1	3	46	9	12	4	5	1	
552	11	3	3	5	3	1	4	22	
553	2	3	3	7	3	1	1	5	CC62
554	2	3	7	9	12	4	5	8	
555	1	3	28	6	3	4	5	5	
556	6	1	3	4	2	1	1	2	CC184
557	24	3	9	6	3	3	9	31	
558	1	1	1	9	5	1	1	1	CC2
559	41	3	11	5	3	7	24	2	
560	7	23	3	40	3	3	9	2	CC73
561	3	1	7	11	3	1	9	1	
562	1	3	19	9	3	1	1	5	CC36
563	2	3	1	9	3	1	5	8	
564	4	1	5	5	2	1	1	1	CC128
565	2	4	28	6	3	3	4	4	CC89
566	1	3	3	9	3	1	1	27	CC36
567	2	3	3	4	22	3	9	2	CC73
568	43	1	3	4	3	1	25	5	CC62
569	1	3	3	5	3	5	9	2	CC73
570	39	3	1	9	3	1	1	21	CC36
571	2	3	1	9	3	1	17	2	CC60
572	1	1	45	5	2	1	1	1	CC2
573	11	3	1	9	22	3	9	2	
574	1	3	7	38	3	1	6	2	
575	2	1	1	3	2	19	1	2	
576	3	1	3	4	2	1	1	1	CC2
577	1	1	7	5	2	1	1	1	CC2
578	6	4	3	5	3	3	4	2	CC89
579	2	3	21	6	3	1	17	2	CC60
580	7	1	3	9	3	3	17	2	CC60
581	1	1	12	9	2	1	1	1	CC2
582	22	3	46	9	12	4	5	8	
583	2	3	24	4	3	1	17	15	CC60
584	7	3	3	4	3	1	27	2	CC73
585	3	1	3	4	3	1	9	1	CC184
586	33	1	14	27	2	1	1	1	CC2
587	32	1	44	5	3	1	1	2	CC184
588	5	3	43	4	31	1	6	2	
589	1	3	7	50	3	1	1	36	CC36
590	2	3	1	9	3	1	17	15	
591	26	3	3	6	3	3	9	2	CC73
592	2	3	3	28	26	1	21	2	
593	4	3	4	5	2	3	1	5	CC128
594	1	1	19	9	3	1	1	1	CC36
595	4	1	4	5	1	1	32	1	CC128
596	2	3	22	9	3	1	5	15	
597	58	3	3	4	3	1	9	2	CC73
598	35	3	29	5	3	1	22	1	
599	1	3	3	9	8	1	1	1	CC36
600	13	3	3	9	3	1	1	2	CC36
601	2	3	3	47	3	1	1	1	CC36
602	1	1	1	6	3	1	30	1	CC2
603	2	3	3	9	3	30	4	2	CC89
604	3	3	3	9	27	1	6	37	
605	14	1	3	12	3	1	1	5	CC62
606	55	3	47	48	32	7	31	2	
607	24	1	4	6	3	1	1	2	CC184
608	2	4	3	4	9	3	4	4	CC89
609	6	1	7	11	10	1	5	1	
610	2	3	1	3	2	1	5	1	
611	1	1	7	9	3	1	1	5	CC62
612	1	1	4	4	3	1	1	1	CC2
613	6	3	66	5	3	1	17	2	
614	2	4	33	9	3	28	4	2	CC89
615	67	1	2	2	2	1	2	1	CC17
616	2	1	1	3	3	1	1	1	CC2
617	2	1	7	6	3	1	1	1	CC62
618	51	1	1	3	2	1	1	1	CC2
619	6	4	1	9	3	3	4	2	CC89
620	1	112	4	5	2	1	1	1	CC128
621	180	3	4	9	3	1	6	2	
622	26	4	33	9	3	3	4	2	CC89
623	2	3	170	180	3	1	4	22	
624	174	4	1	9	3	3	4	2	CC89
625	26	4	3	9	3	3	4	153	CC89
626	2	1	7	25	1	1	1	1	
627	1	1	4	6	1	1	1	1	CC2
628	2	1	3	4	2	1	2	2	CC60
629	177	1	1	1	2	1	1	2	CC2
630	175	3	169	5	3	1	1	1	CC36
631	3	120	167	177	3	1	6	1	
632	6	77	7	11	2	1	1	1	
633	26	3	9	9	3	1	1	1	CC36
634	7	3	3	5	3	5	9	31	
635	50	1	4	1	3	1	1	2	CC184
636	3	1	47	5	3	1	6	1	
637	11	3	167	175	126	1	123	2	
638	3	114	9	5	122	1	18	2	
639	2	3	7	182	3	1	6	2	
640	1	3	3	9	3	1	96	1	CC36
641	1	3	57	9	3	1	1	1	CC36
642	5	116	4	6	3	1	1	5	
643	3	3	11	5	41	7	124	2	
644	13	1	3	9	3	1	1	5	CC62
645	1	3	94	9	3	1	6	2	CC36
646	166	31	1	5	37	124	4	2	
647	2	3	1	5	3	1	1	2	
648	28	1	6	5	2	1	1	10	CC128
649	3	3	162	9	123	27	6	2	
650	178	3	19	5	3	3	9	2	CC73
651	2	3	3	4	2	4	2	2	CC73
652	18	4	7	9	3	3	4	2	CC89
653	4	1	7	8	2	1	1	1	CC128
654	2	3	160	9	10	1	1	2	
655	4	1	4	5	2	4	2	2	CC128
656	1	1	1	3	6	1	1	1	CC2
657	4	1	4	5	3	1	5	1	CC128
658	38	1	5	1	3	1	5	1	
659	176	126	3	6	3	3	17	2	
660	181	3	160	78	3	1	1	1	CC36
661	6	3	3	6	22	3	1	1	
662	49	3	167	5	120	125	6	1	
663	7	119	19	174	3	3	9	2	
664	7	3	3	4	3	3	9	2	CC73
665	6	3	3	4	3	1	18	1	CC184
666	6	24	24	5	3	3	9	2	
667	7	3	176	4	3	1	9	2	CC73
668	1	1	3	23	2	1	1	1	CC2
669	179	3	3	6	22	1	27	2	
670	2	3	9	22	3	3	9	2	CC73
671	2	3	1	9	3	3	9	2	CC73
672	26	1	3	5	3	1	1	2	CC184
673	7	3	7	4	22	3	9	2	CC73
674	3	3	11	5	41	7	24	2	
675	7	3	19	9	3	3	9	2	CC73
676	181	119	160	78	3	1	1	1	
677	7	3	24	4	3	3	9	2	CC73
678	178	3	1	4	22	3	9	2	CC73
679	2	3	3	9	3	3	9	1	CC73
680	178	3	3	23	3	3	9	2	CC73
681	170	3	3	176	3	1	17	150	
682	179	1	1	15	3	1	17	2	CC60
683	3	3	11	5	3	26	24	2	
684	6	3	1	71	3	3	9	2	CC73
685	7	3	171	4	3	3	9	2	CC73
686	30	3	9	9	3	1	1	2	CC36
687	162	3	3	12	28	1	1	2	
688	2	3	172	4	3	1	17	29	CC60
689	165	3	7	5	3	1	1	5	
690	1	1	95	183	3	1	1	1	CC2
691	169	3	3	5	3	1	1	2	CC184
692	30	3	9	185	3	1	1	152	
693	22	3	3	9	3	59	9	2	CC73
694	1	3	62	9	3	1	1	1	CC36
695	1	3	3	5	3	1	6	2	CC36
696	26	3	164	5	3	1	1	147	
697	1	1	2	183	3	1	1	1	CC17
698	1	124	3	9	3	1	1	1	CC36
699	182	125	3	137	3	3	9	2	CC73
700	49	3	1	16	3	1	125	1	
701	1	3	9	6	3	1	9	2	
702	13	3	3	9	3	1	17	2	CC60
703	2	3	3	4	3	1	17	41	CC60
704	13	127	47	5	3	1	17	2	
705	2	3	3	9	3	1	6	4	CC62
706	1	1	1	1	3	1	2	1	CC2
707	22	3	4	9	3	1	1	2	CC36
708	2	1	7	25	54	1	1	1	
709	1	1	2	2	1	1	1	1	CC17
710	6	125	24	4	3	3	9	2	CC73
711	7	3	3	71	3	3	9	2	CC73
712	1	1	2	6	3	1	1	1	CC17
713	23	1	9	20	3	1	1	1	
714	2	3	173	5	3	3	9	2	CC73
715	178	3	3	4	3	3	9	151	CC73
716	178	3	24	4	3	126	9	2	CC73
717	18	3	19	6	3	3	9	2	CC73
718	1	3	3	26	3	1	9	2	CC73
719	162	3	3	9	125	1	9	2	
720	14	3	1	16	3	1	1	1	CC36
721	2	1	19	9	3	1	17	2	CC60
722	32	113	7	170	3	1	1	145	
723	3	3	175	5	41	7	24	2	
724	2	3	24	5	3	3	9	2	CC73
725	2	1	3	184	2	1	1	2	CC62
726	2	1	160	5	1	1	120	1	
727	3	3	3	9	3	27	6	2	
728	12	1	7	11	3	1	1	1	
729	4	1	1	5	2	1	1	1	CC128
730	1	3	7	186	3	127	1	30	
731	1	1	4	6	2	1	1	1	CC2
732	2	3	7	11	3	1	5	2	
733	24	3	24	4	3	3	9	2	CC73
734	7	3	3	240	3	3	9	2	CC73
735	2	3	9	9	3	170	9	2	CC73
736	2	26	3	6	3	1	27	2	CC60
737	2	3	3	6	3	3	9	31	CC73
738	1	3	233	9	3	1	1	1	CC36
739	13	3	66	4	3	3	9	2	CC73
740	2	3	19	9	22	3	9	2	CC73
741	7	26	1	4	3	1	27	2	
742	178	3	3	240	3	3	9	31	CC73
743	255	3	3	6	3	1	17	2	CC60
744	6	3	3	4	3	3	9	2	CC73
745	2	3	178	5	3	1	17	2	CC60
746	4	1	4	5	2	1	2	2	CC128
747	1	1	4	5	3	1	2	1	CC128
748	2	1	4	5	3	1	2	2	CC60
749	4	1	6	188	2	1	1	2	CC152
750	18	1	14	9	2	1	1	1	CC2
751	1	1	1	1	2	128	2	2	CC7 
752	2	1	3	4	3	1	2	1	CC60
753	2	1	260	137	3	1	2	1	
754	7	26	7	75	3	1	27	2	
755	24	3	3	5	3	3	27	2	CC73
756	34	3	3	9	3	3	9	2	CC73
757	13	3	3	5	3	1	9	2	CC73
758	24	3	3	77	3	3	27	2	CC73
759	2	3	24	4	3	3	27	2	CC73
760	2	26	3	4	3	1	27	2	CC60
761	13	3	232	5	3	1	9	2	
762	2	3	3	5	3	5	9	2	CC73
763	2	3	9	9	3	3	9	2	CC73
764	7	23	3	6	3	3	17	2	
765	7	3	3	4	3	3	27	31	CC73
766	7	3	9	6	3	3	27	2	
767	2	3	234	4	3	3	27	41	CC73
768	2	3	3	269	3	3	27	2	CC73
769	2	3	9	40	3	3	9	2	CC73
770	2	26	3	5	3	1	27	2	CC60
771	2	3	3	6	3	5	9	2	CC73
772	24	3	9	5	3	5	9	2	
773	7	3	28	6	3	3	9	31	
774	2	3	3	5	22	3	27	2	CC73
775	24	3	9	5	3	3	9	41	
776	2	3	3	6	3	3	27	2	CC73
777	1	178	7	228	3	127	1	30	
778	11	1	1	9	2	1	1	5	CC2
779	2	3	4	5	2	4	2	2	
780	1	1	1	1	2	1	2	2	CC7 
781	4	1	203	5	2	1	2	2	CC152
782	252	26	7	5	3	1	27	2	
783	2	3	3	6	3	3	27	41	CC73
784	7	3	3	6	3	3	27	2	CC73
785	24	3	3	4	22	3	28	2	CC73
786	24	3	3	5	3	3	9	2	CC73
787	7	3	3	5	3	3	27	31	
788	7	3	3	4	3	5	9	2	CC73
789	2	3	3	4	3	3	9	41	CC73
790	7	26	3	23	3	1	27	221	
791	2	23	3	9	3	3	9	2	CC73
792	2	3	9	4	3	3	27	2	CC73
793	188	1	7	11	2	1	1	158	
794	6	1	1	1	21	1	1	1	CC2
795	4	1	4	1	3	1	1	1	CC128
796	2	135	173	4	3	59	9	2	CC73
797	1	1	4	1	1	1	1	1	CC2
798	13	3	3	5	3	3	4	2	CC73
799	50	3	7	9	3	1	6	2	
800	5	3	1	3	3	1	17	2	
801	1	3	7	60	3	1	1	5	CC36
802	2	3	9	4	3	3	27	31	CC73
803	13	3	28	6	3	3	9	5	
804	7	23	3	77	3	3	9	2	CC73
805	3	3	7	5	31	1	6	2	
806	4	1	4	1	6	1	133	1	CC128
807	2	1	1	9	3	1	1	2	CC62
808	1	136	19	9	3	1	1	5	CC62
809	1	1	1	9	3	1	1	2	CC2
810	2	1	3	4	2	1	1	1	CC2
811	4	1	1	8	1	1	1	35	
812	1	1	19	9	2	1	1	1	CC2
813	1	1	1	1	2	1	32	43	CC2
814	1	1	1	6	1	1	1	1	CC2
815	4	1	4	6	1	1	1	1	CC128
816	1	1	1	1	2	4	1	1	CC2
817	13	3	1	9	2	4	1	2	CC162
818	83	3	3	4	3	3	27	2	CC73
819	2	3	40	6	3	3	9	31	CC73
820	6	3	3	4	3	3	5	2	CC73
821	14	3	9	9	3	1	1	1	CC36
822	6	1	7	11	3	1	2	1	
823	6	1	7	11	2	1	2	1	
824	4	1	1	8	3	1	1	1	CC2
825	4	1	1	8	165	1	120	1	
826	6	1	7	227	2	1	1	1	CC2
827	1	3	7	5	3	1	1	1	CC36
828	2	1	3	4	3	1	5	2	CC60
829	254	1	235	1	3	7	31	2	
830	36	9	14	27	10	13	15	13	
831	4	1	1	8	4	1	2	1	CC152
832	4	1	6	7	4	1	1	1	CC152
833	4	1	1	1	1	1	5	2	CC7 
834	1	3	1	16	3	1	1	1	CC36
835	3	3	3	4	41	1	22	1	
836	4	1	3	9	3	1	5	2	CC62
837	2	3	3	7	3	1	1	2	CC62
838	4	1	1	7	3	1	1	2	CC152
839	4	1	2	2	2	1	1	2	CC17
840	218	3	1	5	3	1	6	147	
841	50	1	1	5	3	1	18	1	
842	49	3	1	16	3	1	18	1	
843	64	3	211	4	3	3	9	2	CC73
844	2	3	3	4	156	1	9	2	CC73
845	2	1	7	25	2	1	1	1	CC2
846	2	1	9	6	3	1	17	2	CC60
847	24	3	3	5	3	1	17	2	CC60
848	7	3	24	4	3	3	9	31	CC73
849	2	3	3	40	3	3	9	31	CC73
850	28	1	3	226	3	1	25	5	CC62
851	1	3	3	9	3	125	1	5	CC36
852	4	1	1	8	6	1	1	207	
853	2	3	1	9	3	1	4	22	
854	266	4	49	5	3	3	4	2	CC89
855	2	3	33	9	3	1	4	2	CC89
856	14	45	7	9	3	3	4	22	
857	14	1	19	9	3	1	1	2	CC62
858	180	1	3	9	3	1	1	5	CC62
859	1	1	4	5	3	1	1	5	CC62
860	2	4	3	9	168	3	4	2	CC89
861	2	45	241	9	3	3	4	2	CC89
862	2	3	3	4	3	1	1	208	CC62
863	2	3	240	9	3	1	4	22	
864	265	4	3	9	3	3	4	2	CC89
865	16	8	16	15	16	171	15	13	CC223
866	33	5	32	10	5	10	13	16	
867	16	8	16	15	16	3	15	13	CC223
868	14	185	4	6	3	1	1	5	
869	1	1	1	1	3	1	1	85	CC2
870	1	1	1	1	2	1	1	85	CC2
871	4	1	6	7	4	1	2	5	CC152
872	6	1	7	8	2	1	1	85	
873	4	1	5	1	6	1	2	125	
874	9	6	14	10	11	8	12	7	
875	2	3	19	9	3	1	6	1	CC36
876	4	1	1	1	3	131	2	1	
877	4	1	4	5	4	1	2	2	CC152
878	4	1	4	5	3	1	2	2	CC152
879	2	3	1	3	3	1	16	2	
880	24	1	7	4	3	1	17	2	CC60
881	18	1	4	5	3	1	1	165	CC128
882	32	113	7	169	3	1	1	145	
883	210	3	3	15	15	16	14	26	
884	18	8	16	8	16	3	14	13	CC223
885	71	5	14	8	7	10	15	16	
886	18	11	16	189	16	16	15	13	CC223
887	6	3	3	4	2	1	5	1	
888	2	3	3	4	2	1	5	2	CC73
889	6	3	7	11	2	1	5	1	
890	6	1	7	11	2	1	1	2	CC184
891	6	1	7	11	2	1	5	2	
892	4	1	3	9	10	1	1	2	CC62
893	4	3	7	11	10	1	5	1	
894	4	3	7	11	2	1	5	2	
895	2	1	1	3	3	1	5	1	
896	2	1	3	4	10	1	5	2	CC60
897	4	1	1	9	2	1	1	1	CC2
898	1	1	7	1	6	1	1	1	CC2
899	26	3	33	9	3	1	1	5	CC62
900	6	3	3	4	3	1	9	2	CC73
901	6	3	87	137	3	1	17	2	
902	2	3	3	4	2	1	5	1	
903	1	1	119	2	2	1	1	1	CC17
904	2	4	3	9	3	3	4	4	CC89
905	26	3	49	5	3	1	17	2	
906	2	154	30	4	3	1	1	5	CC62
907	1	1	3	9	10	149	1	1	CC36
908	1	3	3	183	3	1	150	1	CC36
909	4	1	1	1	3	1	5	2	CC7 
910	2	62	3	94	3	3	4	2	CC89
911	1	1	2	2	2	1	70	1	CC17
912	1	1	237	1	6	1	1	1	CC2
913	1	1	1	1	4	1	2	1	CC7 
914	1	180	1	1	6	1	1	1	CC2
915	6	1	4	5	6	1	2	1	CC128
916	18	8	16	15	135	3	15	13	CC223
917	205	9	14	27	10	55	15	13	
918	16	5	14	7	14	10	13	10	
919	33	11	76	46	16	16	15	10	
920	61	9	50	30	10	13	15	13	
921	18	11	16	15	15	16	15	16	
922	16	8	16	15	17	16	15	24	
923	18	12	16	1	16	13	15	14	
924	2	1	1	1	1	1	1	1	CC2
925	34	3	3	9	3	3	17	2	CC73
926	3	3	3	9	3	1	4	2	CC36
927	6	1	7	8	2	1	1	2	CC184
928	4	3	1	58	2	1	5	2	CC162
929	4	1	1	58	10	1	2	48	
930	2	1	5	1	2	1	1	2	CC2
931	4	1	1	1	3	1	2	2	CC7 
932	4	1	1	58	2	1	2	188	
933	27	5	14	8	7	10	13	10	
934	18	8	34	15	47	3	15	13	CC223
935	4	3	4	5	2	4	1	1	CC128
936	2	3	3	5	34	1	6	34	
937	57	1	4	5	2	31	1	1	CC128
938	6	3	3	4	3	1	126	1	CC184
939	4	1	4	5	13	1	2	1	CC128
940	4	1	4	5	1	1	2	1	CC128
941	3	3	4	1	28	1	6	4	
942	4	1	1	1	2	1	1	2	CC2
943	4	1	7	25	54	1	1	2	
944	24	23	9	5	45	3	9	2	
945	6	3	16	15	3	1	1	1	CC36
946	2	3	3	5	3	1	4	2	CC73
947	18	12	16	15	16	13	15	14	CC223
948	4	3	6	9	10	1	5	2	
949	1	3	3	9	3	1	1	218	CC36
950	6	3	3	5	3	3	9	2	CC73
951	3	5	32	10	5	6	13	11	
952	2	3	269	9	3	194	6	229	
953	18	207	16	34	16	13	15	14	
954	18	11	270	15	15	13	14	230	
955	2	8	1	3	3	3	15	231	
956	2	3	3	5	189	3	4	4	
957	2	208	1	9	3	1	25	5	CC62
958	2	209	3	4	3	1	1	5	CC62
959	301	3	19	9	3	1	1	5	CC62
960	28	17	16	11	5	142	13	232	
961	48	210	272	172	11	123	188	148	
962	24	3	273	5	3	3	9	31	
963	5	3	7	284	3	1	1	1	CC36
964	2	4	274	9	3	3	4	5	CC89
965	49	3	275	1	3	38	31	2	
966	33	211	16	11	145	142	13	16	
967	33	5	16	206	190	10	13	16	
968	302	4	1	285	3	3	189	2	
969	303	17	174	15	7	10	13	10	
970	304	3	4	6	151	1	190	2	
971	2	4	276	5	3	3	4	4	CC89
972	3	3	11	1	169	7	31	234	
973	274	1	47	286	191	1	6	1	
974	50	212	9	5	192	1	18	1	
975	48	17	6	287	16	10	13	10	
976	28	213	14	10	7	10	13	11	
977	28	5	14	288	5	169	13	11	
978	1	1	4	282	3	1	1	1	CC2
979	1	1	277	9	2	1	1	1	CC2
980	4	1	4	5	2	188	2	2	CC128
981	2	3	3	9	3	189	4	2	CC89
982	42	12	16	15	16	190	15	235	
983	229	18	1	94	15	10	191	236	
984	305	18	278	172	15	10	191	236	
985	18	214	174	15	16	16	15	14	
986	16	8	279	15	16	3	15	13	CC223
987	16	3	16	33	3	195	1	13	
988	4	1	1	1	3	1	2	237	CC7 
989	48	8	16	15	16	191	15	13	CC223
990	210	8	280	15	17	3	15	13	CC223
991	33	17	16	35	5	142	13	238	
992	18	12	281	34	16	13	192	14	
993	306	1	1	9	2	1	1	1	CC2
994	307	3	47	289	39	1	31	2	
995	2	1	1	3	3	196	1	5	CC62
996	49	3	167	5	193	1	194	2	
997	33	215	247	76	7	3	13	172	
998	18	8	16	15	16	3	195	14	CC223
999	61	9	50	30	194	13	15	13	
1000	4	216	19	22	2	1	1	2	
1001	6	3	3	44	30	192	4	4	
1002	4	1	5	1	2	193	1	2	CC162
1003	63	1	7	290	3	1	5	8	
1004	231	217	160	78	195	7	31	2	
1005	2	3	1	62	3	1	196	2	
1006	2	1	1	1	3	1	1	2	CC2
1007	48	11	16	15	16	16	15	13	CC223
1008	42	11	16	189	131	16	15	10	
1009	4	1	1	262	2	1	5	2	
1010	2	1	1	3	2	1	1	239	CC2
1011	164	115	163	171	124	8	121	146	
1012	48	117	165	172	11	123	122	148	
1013	4	1	1	7	2	1	2	2	CC152
1014	1	1	282	9	3	1	1	1	CC36
1015	2	128	3	23	3	1	17	2	CC60
1016	2	1	3	23	2	1	1	1	CC2
1017	26	1	3	292	3	1	1	1	CC62
1018	1	1	3	9	2	1	1	1	CC2
1019	2	1	4	15	1	1	1	2	
1020	2	1	4	4	2	1	1	2	CC184
1021	2	1	4	4	2	1	5	2	CC60
1022	2	1	4	4	3	1	5	2	CC60
1023	2	1	4	5	2	1	1	1	CC128
1024	4	1	4	5	6	1	2	2	CC152
1025	88	1	4	5	2	1	1	1	CC128
1026	4	1	5	1	1	1	1	1	CC2
1027	4	1	5	5	4	1	1	2	CC152
1028	63	160	9	9	3	1	25	5	
1029	287	1	6	7	6	1	2	2	CC152
1030	4	1	6	7	10	1	2	2	CC152
1031	12	1	7	11	199	1	1	1	
1032	12	1	7	11	2	1	5	1	
1033	12	1	7	11	2	197	1	1	
1034	8	17	2	2	16	10	13	10	
1035	9	17	32	10	16	10	13	10	
1036	42	18	16	15	16	13	15	13	CC223
1037	1	19	1	1	3	1	2	1	CC2
1038	13	3	27	29	27	3	4	2	
1039	33	33	14	53	7	34	13	154	
1040	26	3	3	292	3	1	16	2	
1041	2	3	3	3	3	1	17	2	CC60
1042	2	3	3	4	3	1	17	29	CC60
1043	6	3	3	5	3	3	17	2	CC73
1044	2	3	3	6	197	3	9	2	CC73
1045	1	3	3	9	3	1	17	2	CC36
1046	12	3	7	11	2	1	5	1	
1047	4	3	7	11	2	1	5	1	
1048	1	3	7	5	3	1	127	5	
1049	4	3	86	11	2	1	5	1	
1050	2	3	9	22	3	3	27	2	CC73
1051	6	4	3	293	3	3	17	2	CC89
1052	9	5	10	10	5	6	10	6	
1053	9	5	14	14	5	11	13	11	
1054	9	5	15	8	7	10	13	11	
1055	28	5	16	46	7	10	13	10	
1056	40	5	31	8	200	10	13	10	
1057	44	5	32	30	5	24	13	10	
1058	2	6	13	13	11	8	12	7	
1059	173	6	168	179	127	8	121	146	
1060	163	8	14	11	5	3	15	13	
1061	28	8	14	7	17	138	15	10	
1062	18	8	17	15	196	3	15	13	CC223
1063	18	8	17	15	17	3	29	33	
1064	33	8	38	35	17	3	15	10	
1065	18	8	48	15	3	3	15	13	CC223
1066	65	9	14	57	54	13	14	59	
1067	4	1	5	1	2	14	1	2	CC162
1068	4	1	2	1	6	1	1	2	
1069	4	1	6	7	2	1	15	2	CC152
1070	4	1	1	1	4	1	1	2	CC7 
1071	4	1	1	58	3	1	1	2	CC184
1072	2	1	1	4	2	1	2	2	CC7 
1073	2	1	3	4	3	1	1	2	CC184
1074	2	3	29	5	3	1	9	1	
1075	1	3	1	1	2	1	5	1	CC2
1076	48	8	16	15	16	3	14	13	CC223
1077	29	4	3	6	3	3	4	2	CC89
1078	9	17	14	8	56	10	13	10	
1079	2	62	3	294	3	3	4	2	CC89
1080	163	21	16	35	5	11	198	10	
1081	4	1	4	5	3	1	1	5	CC128
1082	50	3	3	9	3	1	18	1	CC36
1083	18	8	14	7	16	3	15	13	CC223
1084	31	9	3	26	54	13	14	10	
1085	33	5	14	30	7	11	13	197	
1086	14	3	1	220	3	1	1	1	CC36
1087	1	3	4	6	3	1	197	5	
1088	308	1	4	5	1	1	2	1	CC128
1089	64	3	3	23	45	3	9	41	
1090	1	3	19	9	48	1	4	2	
1091	18	18	16	15	16	13	15	13	CC223
1092	5	3	3	9	3	1	1	5	CC62
1093	33	11	16	27	16	16	15	10	
1094	18	11	17	15	15	16	15	10	
1095	1	3	4	6	3	1	1	1	CC36
1096	3	1	4	62	3	1	1	8	
1097	28	17	16	15	16	10	13	10	
1098	4	1	5	3	2	1	1	2	CC128
1099	4	3	1	1	15	4	2	2	CC162
1100	311	1	1	9	2	1	1	1	CC2
1101	3	3	3	9	27	1	6	177	
1102	2	3	7	11	3	1	9	2	CC73
1103	4	1	5	1	3	1	9	2	
1104	5	3	3	12	3	1	1	3	CC36
1105	310	17	2	2	16	10	13	10	
1106	1	1	1	1	2	200	2	2	CC7 
1107	1	19	5	1	3	1	2	2	CC7 
1108	1	3	28	6	3	1	17	2	
1109	2	1	1	3	10	1	5	2	
1110	2	3	3	5	3	199	9	2	CC73
1111	2	220	3	9	3	198	4	241	CC89
1112	2	3	1	3	197	3	9	233	
1113	2	4	3	283	9	3	4	4	CC89
1114	3	1	7	5	3	1	25	5	
1115	4	1	7	11	2	1	5	2	
1116	4	1	4	5	4	1	1	2	CC128
1117	5	1	4	6	3	1	25	5	
1118	6	3	267	9	3	194	6	226	
1119	14	3	3	26	3	1	1	5	CC62
1120	18	8	16	15	17	3	15	13	CC223
1121	18	8	17	15	196	3	15	228	CC223
1122	26	1	3	291	3	1	1	1	CC62
1123	28	206	174	15	16	3	15	227	
1124	36	30	14	27	36	3	34	16	
1125	48	11	16	15	16	16	15	240	
1126	73	3	47	1	3	7	31	2	
1127	205	9	14	27	10	55	199	13	
1128	309	1	7	11	2	1	1	1	CC2
1129	49	3	253	257	198	1	169	2	
1130	6	218	7	11	2	1	1	1	
1131	1	219	28	6	3	4	5	5	
1132	1	1	1	8	2	1	1	1	CC2
1133	4	1	2	2	6	1	1	2	CC17
1134	1	3	2	2	2	1	16	1	CC17
1135	1	9	4	5	2	13	14	1	
1136	6	1	1	8	2	1	1	1	CC2
1137	1	1	2	2	25	1	1	1	CC17
1138	34	1	3	5	3	1	1	2	CC184
1139	4	1	1	58	2	1	5	2	
1140	1	1	4	9	3	1	1	2	CC62
1141	4	221	1	58	2	1	2	2	
1142	1	3	1	1	2	4	2	2	CC162
1143	2	3	9	22	3	59	9	2	CC73
1144	3	3	11	5	197	1	1	2	
1145	253	3	3	9	3	3	1	2	CC73
1146	13	3	160	5	3	4	1	2	
1147	4	1	5	1	2	1	2	2	CC152
1148	6	3	3	9	197	3	9	2	CC73
1149	1	1	1	1	4	1	1	1	CC2
1150	4	1	6	7	6	1	1	2	CC152
1151	66	1	1	1	2	1	5	1	CC2
1152	4	1	1	1	4	1	5	2	CC7 
1153	4	1	4	5	2	1	5	2	CC128
1154	28	5	14	11	7	10	13	16	
1155	231	3	160	78	3	7	31	2	
1156	4	1	6	7	4	80	2	2	CC152
1157	4	1	1	58	2	80	1	2	CC162
1158	4	1	1	1	4	80	2	2	CC7 
1159	1	1	2	2	2	80	1	2	CC17
1160	1	3	1	3	3	80	1	5	
1161	2	3	3	15	197	3	9	2	CC73
1162	2	1	1	3	2	1	5	1	CC2
1163	1	1	1	1	2	1	11	1	CC2
1164	4	1	1	9	2	1	2	2	CC152
1165	48	9	16	11	54	13	14	59	
1166	2	4	9	9	9	3	4	2	CC89
1167	25	17	14	7	16	10	13	10	
1168	2	3	9	4	3	3	9	2	CC73
1169	18	3	3	5	3	3	9	2	CC73
1170	2	3	3	5	3	1	6	34	
1171	18	3	3	62	3	1	14	25	
1172	33	5	16	11	15	142	13	16	
1173	48	3	16	15	15	16	14	26	
1174	2	26	9	4	3	1	27	2	CC60
1175	18	118	166	173	3	13	14	149	
1176	18	8	14	9	16	3	15	13	CC223
1177	18	8	14	30	15	3	15	10	
1178	2	3	3	9	3	1	1	2	CC62
1179	2	3	9	6	3	3	9	31	CC73
1180	253	3	265	9	3	3	9	2	CC73
1181	50	3	3	4	3	3	9	5	CC73
1182	3	3	1	5	151	1	1	1	
1183	15	6	7	60	11	8	12	7	
1184	33	5	16	46	5	10	13	10	
1185	163	5	14	11	5	10	13	16	
1186	18	7	16	94	160	163	14	13	
1187	2	4	3	9	3	198	4	241	CC89
1188	9	5	16	30	7	10	13	16	
1189	33	5	32	10	5	10	13	10	
1190	18	8	14	30	16	3	15	10	CC223
1191	2	3	3	5	3	3	9	31	CC73
1192	4	1	2	1	4	1	2	2	CC152
1193	2	1	2	2	3	1	2	2	CC60
1194	13	3	1	9	3	1	9	2	
1195	2	3	3	9	3	1	17	2	CC60
1196	42	8	16	15	16	3	15	14	CC223
